SYMBOL,SERIES,DATE1,PREV_CLOSE,OPEN_PRICE,HIGH_PRICE,LOW_PRICE,LAST_PRICE,CLOSE_PRICE,AVG_PRICE,TTL_TRD_QNTY,TURNOVER_LACS,NO_OF_TRADES,DELIV_QTY,DELIV_PER
360ONE,EQ,24-Feb-2026,1126.90,1120.00,1129.00,1099.00,1119.40,1113.40,1109.78,432011,4794.35,23181,212826,49.26
3MINDIA,EQ,24-Feb-2026,36115.00,36030.00,36320.00,35700.00,35980.00,35875.00,35957.73,1902,683.92,1591,1045,54.94
AADHARHFC,EQ,24-Feb-2026,470.00,474.00,483.60,447.40,452.00,452.35,460.26,699927,3221.47,17970,438258,62.61
AARTIIND,EQ,24-Feb-2026,446.70,442.35,453.05,437.00,448.10,449.80,442.81,683693,3027.45,26168,320241,46.84
AAVAS,EQ,24-Feb-2026,1285.40,1276.10,1278.80,1255.10,1270.00,1269.20,1267.84,129123,1637.07,13378,82225,63.68
ABB,EQ,24-Feb-2026,5917.50,5881.50,6075.00,5881.50,6060.00,6056.00,5986.05,782563,46844.62,67375,256723,32.81
ABBOTINDIA,EQ,24-Feb-2026,26470.00,26400.00,26520.00,26215.00,26365.00,26365.00,26322.08,1960,515.91,1125,1143,58.32
ABCAPITAL,EQ,24-Feb-2026,346.20,345.00,351.00,338.75,350.90,349.30,345.58,10786939,37277.63,48070,7124611,66.05
ABDL,EQ,24-Feb-2026,501.45,499.00,502.60,487.90,495.00,495.80,495.20,173797,860.64,8112,75092,43.21
ABFRL,EQ,24-Feb-2026,69.64,69.70,69.70,67.90,69.49,68.80,68.79,2176039,1496.96,12378,962393,44.23
ABLBL,EQ,24-Feb-2026,106.68,106.00,106.38,103.55,104.10,104.44,104.45,507068,529.65,7437,271475,53.54
ABREL,EQ,24-Feb-2026,1304.60,1294.70,1297.40,1254.10,1269.00,1267.80,1270.69,106499,1353.27,11713,59753,56.11
ABSLAMC,EQ,24-Feb-2026,919.05,920.00,934.20,909.20,928.45,927.15,926.44,431143,3994.28,17953,237687,55.13
ACC,EQ,24-Feb-2026,1618.80,1618.50,1624.40,1605.60,1624.00,1619.10,1614.21,87389,1410.65,9178,34751,39.77
ACE,EQ,24-Feb-2026,877.35,877.35,877.75,862.00,867.85,865.55,868.24,82545,716.69,5491,37143,45.00
ACMESOLAR,EQ,24-Feb-2026,231.49,231.48,234.01,228.85,232.01,231.60,231.71,306449,710.06,7213,176563,57.62
ACUTAAS,EQ,24-Feb-2026,2146.80,2130.80,2183.50,2112.60,2146.00,2152.30,2156.42,358290,7726.24,42638,181809,50.74
ADANIENSOL,EQ,24-Feb-2026,1003.80,999.75,1045.00,993.70,1040.60,1037.10,1018.45,1356273,13812.96,29966,620718,45.77
ADANIENT,EQ,24-Feb-2026,2191.00,2168.60,2204.70,2162.20,2184.00,2183.00,2182.09,1152423,25146.96,45878,390557,33.89
ADANIGREEN,EQ,24-Feb-2026,970.35,970.15,988.00,956.45,984.00,981.35,969.81,1290484,12515.23,25195,342293,26.52
ADANIPORTS,EQ,24-Feb-2026,1555.80,1553.70,1564.00,1536.40,1561.90,1555.40,1547.84,1360612,21060.10,57521,561410,41.26
ADANIPOWER,EQ,24-Feb-2026,144.05,143.50,144.72,142.24,144.35,144.31,143.46,8248526,11833.35,56599,3257848,39.50
AEGISLOG,EQ,24-Feb-2026,702.40,702.45,756.00,693.10,700.00,699.50,721.45,11865682,85605.52,242774,1673824,14.11
AEGISVOPAK,EQ,24-Feb-2026,229.03,225.20,230.79,222.00,226.71,227.80,225.99,991076,2239.72,17458,214406,21.63
AFCONS,EQ,24-Feb-2026,312.90,311.85,311.85,302.50,310.00,308.00,305.85,449432,1374.60,26829,227151,50.54
AFFLE,EQ,24-Feb-2026,1509.60,1500.00,1500.10,1394.00,1404.00,1398.50,1415.19,608427,8610.40,56486,285478,46.92
AIAENG,EQ,24-Feb-2026,3833.70,3831.00,3875.20,3825.20,3856.00,3859.60,3856.90,15108,582.70,5581,7901,52.30
AIIL,EQ,24-Feb-2026,502.50,500.00,502.00,492.60,500.00,496.65,495.85,273011,1353.74,13593,165656,60.68
AJANTPHARM,EQ,24-Feb-2026,2978.40,2988.50,2988.50,2940.70,2955.00,2948.80,2950.57,55209,1628.98,15572,37805,68.48
ALKEM,EQ,24-Feb-2026,5490.50,5500.00,5508.50,5448.00,5482.00,5495.50,5481.72,119453,6548.08,17779,83503,69.90
AMBER,EQ,24-Feb-2026,7770.00,7770.50,8011.00,7699.00,7980.00,7929.50,7857.82,190988,15007.49,21660,63318,33.15
AMBUJACEM,EQ,24-Feb-2026,515.30,514.95,516.95,506.95,516.00,514.50,510.85,1586025,8102.26,23920,876637,55.27
ANANDRATHI,EQ,24-Feb-2026,3067.60,3060.00,3064.00,3010.20,3046.00,3056.50,3036.51,175954,5342.86,10475,111609,63.43
ANANTRAJ,EQ,24-Feb-2026,547.65,548.50,548.50,536.00,545.20,543.90,541.35,1169338,6330.20,24735,331110,28.32
ANGELONE,EQ,24-Feb-2026,2491.30,2491.10,2495.30,2454.00,2466.60,2460.20,2469.13,568449,14035.75,24703,252911,44.49
ANTHEM,EQ,24-Feb-2026,696.35,699.00,710.00,690.00,696.00,697.50,697.77,171459,1196.39,12082,94365,55.04
ANURAS,EQ,24-Feb-2026,1283.20,1272.20,1280.30,1256.10,1263.70,1268.80,1265.80,144014,1822.93,7107,88346,61.35
APARINDS,EQ,24-Feb-2026,10690.00,10649.00,10862.00,10526.50,10840.00,10825.00,10703.02,82220,8800.02,19488,26205,31.87
APLAPOLLO,EQ,24-Feb-2026,2191.50,2189.60,2213.40,2170.00,2200.00,2195.60,2195.86,1362267,29913.42,71864,885321,64.99
APOLLOHOSP,EQ,24-Feb-2026,7693.00,7658.00,7729.50,7658.00,7721.00,7720.50,7703.41,377143,29052.86,51126,249758,66.22
APOLLOTYRE,EQ,24-Feb-2026,453.50,455.70,458.60,450.80,454.90,454.75,454.74,1023066,4652.26,25668,511900,50.04
APTUS,EQ,24-Feb-2026,243.70,243.70,244.30,234.40,237.85,236.50,237.44,2257276,5359.72,43239,1182765,52.40
ARE&M,EQ,24-Feb-2026,857.00,857.00,862.85,848.00,858.00,858.80,856.95,233069,1997.28,13955,115569,49.59
ASAHIINDIA,EQ,24-Feb-2026,951.90,940.90,941.00,923.40,932.00,933.60,930.85,38140,355.03,5599,20073,52.63
ASHOKLEY,EQ,24-Feb-2026,210.76,209.00,211.02,208.62,210.60,210.18,210.04,12888307,27070.03,123082,7629889,59.20
ASIANPAINT,EQ,24-Feb-2026,2429.70,2413.00,2441.50,2403.70,2414.40,2413.10,2416.00,499660,12071.76,46809,249624,49.96
ASTERDM,EQ,24-Feb-2026,646.05,643.50,653.55,633.50,639.90,638.00,641.00,296016,1897.48,12104,119656,40.42
ASTRAL,EQ,24-Feb-2026,1635.10,1623.00,1672.20,1623.00,1658.00,1664.00,1650.59,659604,10887.34,33412,320052,48.52
ATGL,EQ,24-Feb-2026,525.60,523.00,523.70,515.15,519.00,518.15,518.73,275654,1429.91,11044,125053,45.37
ATHERENERG,EQ,24-Feb-2026,718.15,714.05,715.35,680.00,706.00,698.85,696.29,1945327,13545.08,46775,740528,38.07
ATUL,EQ,24-Feb-2026,6527.00,6535.00,6535.00,6440.00,6464.00,6468.00,6497.52,60680,3942.69,3531,54107,89.17
AUBANK,EQ,24-Feb-2026,974.10,970.00,1009.85,968.70,1005.00,1002.20,987.48,3314603,32731.16,70258,1494274,45.08
AUROPHARMA,EQ,24-Feb-2026,1150.60,1156.30,1167.20,1144.00,1163.00,1164.40,1160.71,988014,11467.94,32878,452309,45.78
AWL,EQ,24-Feb-2026,195.66,198.00,198.01,189.82,192.00,191.73,191.68,2699339,5174.02,34260,1742184,64.54
AXISBANK,EQ,24-Feb-2026,1386.70,1398.00,1398.00,1383.50,1386.00,1387.60,1389.34,7888492,109598.20,190198,5148642,65.27
BAJAJ-AUTO,EQ,24-Feb-2026,9905.50,9875.00,9875.00,9660.00,9850.00,9829.00,9790.50,259761,25431.90,35146,106272,40.91
BAJAJFINSV,EQ,24-Feb-2026,2051.60,2040.00,2050.00,2032.10,2045.00,2043.30,2041.54,1054129,21520.46,41498,586429,55.63
BAJAJHFL,EQ,24-Feb-2026,87.26,87.30,87.58,86.67,87.50,87.32,87.06,3914022,3407.38,36689,1967545,50.27
BAJAJHLDNG,EQ,24-Feb-2026,11501.00,11524.00,11558.00,11261.00,11347.00,11330.00,11399.17,62913,7171.56,16727,24692,39.25
BAJFINANCE,EQ,24-Feb-2026,1031.00,1026.30,1028.75,1010.30,1023.50,1023.55,1020.61,6610984,67472.05,112203,4343722,65.70
BALKRISIND,EQ,24-Feb-2026,2509.00,2509.00,2568.70,2475.20,2508.00,2518.50,2491.61,544353,13563.17,17919,483080,88.74
BALRAMCHIN,EQ,24-Feb-2026,464.50,465.00,465.00,453.05,457.95,456.95,457.17,227919,1041.98,10653,131545,57.72
BANDHANBNK,EQ,24-Feb-2026,173.65,172.95,181.87,172.81,181.17,180.55,178.41,20492056,36560.22,87548,7493824,36.57
BANKBARODA,EQ,24-Feb-2026,313.35,312.95,314.20,307.00,312.90,313.10,311.38,12952576,40332.01,77932,6185675,47.76
BANKINDIA,EQ,24-Feb-2026,174.13,174.00,178.22,173.02,175.58,175.50,175.57,22315167,39179.07,86335,11391316,51.05
BATAINDIA,EQ,24-Feb-2026,812.35,815.00,815.00,795.00,799.05,799.05,801.13,103364,828.08,10551,53226,51.49
BAYERCROP,EQ,24-Feb-2026,4789.00,4797.00,4797.00,4693.00,4717.30,4711.30,4718.86,12545,591.98,4503,6546,52.18
BBTC,EQ,24-Feb-2026,1778.50,1778.00,1779.50,1747.90,1763.00,1766.40,1761.96,27176,478.83,2606,14530,53.47
BDL,EQ,24-Feb-2026,1275.60,1269.00,1269.00,1236.10,1242.50,1240.10,1247.05,1249133,15577.35,38574,419503,33.58
BEL,EQ,24-Feb-2026,439.75,437.00,437.50,430.35,435.15,435.05,433.56,12223376,52996.09,163777,6266768,51.27
BELRISE,EQ,24-Feb-2026,184.63,184.05,184.75,181.80,184.29,183.34,183.24,4273427,7830.72,21425,2704461,63.29
BEML,EQ,24-Feb-2026,1700.30,1685.00,1708.30,1671.00,1691.50,1697.90,1688.64,90821,1533.64,11601,32394,35.67
BERGEPAINT,EQ,24-Feb-2026,464.80,464.80,465.15,459.30,463.50,462.70,462.03,177563,820.39,23244,96921,54.58
BHARATFORG,EQ,24-Feb-2026,1832.00,1834.60,1864.70,1817.80,1857.80,1858.30,1843.16,1733890,31958.32,52647,955014,55.08
BHARTIARTL,EQ,24-Feb-2026,1997.30,1997.30,1997.30,1921.80,1944.00,1941.00,1942.94,10006761,194425.12,316721,5670983,56.67
BHARTIHEXA,EQ,24-Feb-2026,1697.80,1704.80,1704.80,1650.00,1656.00,1653.70,1667.28,53184,886.72,8993,30227,56.83
BHEL,EQ,24-Feb-2026,258.25,257.00,262.50,255.00,262.10,261.80,258.60,10678349,27613.91,48808,5948329,55.70
BIKAJI,EQ,24-Feb-2026,628.80,629.35,633.95,626.00,628.80,628.90,629.66,116134,731.25,11379,70914,61.06
BIOCON,EQ,24-Feb-2026,387.70,386.95,392.00,385.05,391.50,390.75,388.39,2179315,8464.29,24294,1202090,55.16
BLS,EQ,24-Feb-2026,281.75,280.45,287.45,274.50,285.10,286.15,280.28,2345350,6573.48,34639,567909,24.21
BLUEDART,EQ,24-Feb-2026,5612.00,5612.00,5625.00,5513.50,5570.00,5550.50,5550.59,9401,521.81,3511,4637,49.32
BLUEJET,EQ,24-Feb-2026,391.40,390.45,417.75,387.00,407.00,409.40,405.36,6410900,25987.43,93165,662006,10.33
BLUESTARCO,EQ,24-Feb-2026,1961.80,1960.00,1968.00,1933.40,1967.00,1959.50,1951.46,315256,6152.09,20987,144691,45.90
BOSCHLTD,EQ,24-Feb-2026,35340.00,35320.00,35490.00,34855.00,35380.00,35330.00,35116.21,11570,4062.95,5538,4416,38.17
BPCL,EQ,24-Feb-2026,372.10,370.00,376.00,369.00,374.90,374.45,373.17,7718539,28803.38,84588,4466427,57.87
BRIGADE,EQ,24-Feb-2026,748.35,744.60,753.25,727.25,730.00,729.85,735.69,198918,1463.41,13909,110974,55.79
BRITANNIA,EQ,24-Feb-2026,6122.50,6083.00,6173.50,6065.50,6170.00,6162.50,6141.01,193510,11883.47,26761,122326,63.21
BSE,EQ,24-Feb-2026,2725.30,2725.00,2765.00,2702.00,2757.00,2751.10,2733.26,3371818,92160.71,112363,1024177,30.37
BSOFT,EQ,24-Feb-2026,377.75,371.05,376.80,362.15,368.40,366.35,367.79,1452786,5343.15,39600,550127,37.87
CAMS,EQ,24-Feb-2026,718.00,714.00,717.15,703.00,713.00,709.20,708.85,624360,4425.78,18496,325674,52.16
CANBK,EQ,24-Feb-2026,156.44,155.95,158.10,155.00,157.11,157.03,156.58,27666076,43319.48,122167,14530225,52.52
CANFINHOME,EQ,24-Feb-2026,907.45,900.00,901.95,880.35,886.00,883.80,885.55,101943,902.76,9230,59516,58.38
CANHLIFE,EQ,24-Feb-2026,147.76,147.76,150.79,146.35,148.12,149.64,149.33,604954,903.39,16361,268952,44.46
CAPLIPOINT,EQ,24-Feb-2026,1729.50,1729.00,1729.50,1695.00,1713.80,1712.60,1708.09,59587,1017.80,7823,24273,40.74
CARBORUNIV,EQ,24-Feb-2026,849.75,846.55,846.60,830.00,842.40,842.10,841.49,89714,754.93,5672,56945,63.47
CARTRADE,EQ,24-Feb-2026,2000.80,2000.80,2000.80,1748.50,1775.00,1778.40,1831.88,1106227,20264.76,82327,444647,40.19
CASTROLIND,EQ,24-Feb-2026,187.30,187.30,187.40,186.05,187.13,186.94,186.68,1100461,2054.37,15407,773061,70.25
CCL,EQ,24-Feb-2026,1033.10,1025.00,1065.85,1020.50,1060.00,1061.75,1051.56,633012,6656.53,26452,208305,32.91
CDSL,EQ,24-Feb-2026,1334.30,1325.90,1342.00,1318.40,1328.20,1324.80,1327.98,1312682,17432.19,34196,483939,36.87
CEATLTD,EQ,24-Feb-2026,3770.10,3770.00,3781.40,3680.30,3750.00,3723.10,3718.05,63274,2352.56,10286,32035,50.63
CEMPRO,EQ,24-Feb-2026,604.65,600.25,615.00,588.60,591.00,591.20,595.34,229927,1368.84,11427,116806,50.80
CENTRALBK,EQ,24-Feb-2026,38.51,38.50,40.20,38.20,39.52,39.39,39.46,32680044,12896.85,55992,10981451,33.60
CESC,EQ,24-Feb-2026,155.72,154.70,156.74,154.30,156.25,155.72,155.17,918727,1425.55,23483,490609,53.40
CGCL,EQ,24-Feb-2026,172.53,171.67,172.07,166.82,168.50,167.63,168.61,782464,1319.30,11282,476355,60.88
CGPOWER,EQ,24-Feb-2026,720.50,713.00,727.00,713.00,722.80,724.50,718.63,1900203,13655.52,45705,938744,49.40
CHALET,EQ,24-Feb-2026,862.50,862.50,867.00,842.00,845.00,843.75,848.46,57727,489.79,7570,22000,38.11
CHAMBLFERT,EQ,24-Feb-2026,454.75,452.20,459.00,452.20,458.90,458.00,455.96,529910,2416.19,18530,300915,56.79
CHENNPETRO,EQ,24-Feb-2026,884.15,882.00,920.00,881.60,918.00,916.60,907.57,1892411,17174.96,54263,419307,22.16
CHOICEIN,EQ,24-Feb-2026,766.65,768.00,770.00,757.20,760.00,760.65,763.00,255005,1945.69,6526,76144,29.86
CHOLAFIN,EQ,24-Feb-2026,1689.80,1686.30,1740.00,1663.40,1738.00,1735.10,1694.20,2032442,34433.71,104614,1096432,53.95
CHOLAHLDNG,EQ,24-Feb-2026,1680.80,1680.80,1680.90,1635.00,1679.90,1662.30,1654.21,65560,1084.50,12041,32263,49.21
CIEINDIA,EQ,24-Feb-2026,493.80,492.50,500.45,484.50,495.00,495.60,492.67,519657,2560.21,19849,160331,30.85
CIPLA,EQ,24-Feb-2026,1326.50,1326.00,1338.50,1316.50,1330.10,1326.70,1326.56,2109672,27986.15,65981,1159530,54.96
CLEAN,EQ,24-Feb-2026,728.55,725.15,729.20,716.00,726.75,725.70,724.00,189073,1368.89,10842,108469,57.37
COALINDIA,EQ,24-Feb-2026,426.00,424.00,432.00,422.10,431.45,430.95,427.73,8950772,38284.77,95225,4973867,55.57
COCHINSHIP,EQ,24-Feb-2026,1501.80,1501.80,1501.80,1478.20,1495.00,1489.90,1488.73,354359,5275.44,20697,122616,34.60
COFORGE,EQ,24-Feb-2026,1289.00,1278.00,1282.20,1198.90,1221.50,1212.20,1221.66,10454471,127718.52,227484,5542603,53.02
COHANCE,EQ,24-Feb-2026,314.10,315.15,315.15,304.15,310.20,309.55,308.28,806385,2485.92,18255,269790,33.46
COLPAL,EQ,24-Feb-2026,2196.00,2199.90,2240.00,2185.70,2239.90,2236.30,2217.01,444579,9856.37,31753,254717,57.29
CONCOR,EQ,24-Feb-2026,507.05,507.05,507.20,498.80,506.00,505.50,502.86,907856,4565.29,20702,380206,41.88
CONCORDBIO,EQ,24-Feb-2026,1099.30,1090.00,1098.30,1068.60,1073.10,1076.10,1079.47,56100,605.58,6354,24077,42.92
COROMANDEL,EQ,24-Feb-2026,2292.00,2280.10,2295.80,2260.20,2275.50,2280.30,2280.88,103919,2370.27,15928,60068,57.80
CPPLUS,EQ,24-Feb-2026,1504.90,1503.90,1504.10,1428.00,1466.10,1474.50,1454.85,192238,2796.78,16402,93990,48.89
CRAFTSMAN,EQ,24-Feb-2026,8009.00,7959.00,7984.00,7842.00,7865.00,7876.50,7884.68,18752,1478.54,7949,8331,44.43
CREDITACC,EQ,24-Feb-2026,1294.30,1285.00,1295.00,1275.70,1280.90,1279.30,1283.25,147554,1893.48,14574,64516,43.72
CRISIL,EQ,24-Feb-2026,4606.40,4600.00,4600.00,4451.00,4514.90,4508.00,4490.83,45291,2033.94,9651,21564,47.61
CROMPTON,EQ,24-Feb-2026,265.46,263.60,264.91,259.11,262.00,262.43,261.88,1381957,3619.06,27469,620725,44.92
CUB,EQ,24-Feb-2026,291.05,291.10,291.30,284.55,287.70,288.85,287.60,1316197,3785.41,19773,712240,54.11
CUMMINSIND,EQ,24-Feb-2026,4884.30,4860.00,4941.90,4830.20,4915.00,4910.40,4898.11,672139,32922.10,70931,387615,57.67
CYIENT,EQ,24-Feb-2026,982.00,979.80,980.00,944.50,950.80,950.10,954.67,401287,3830.98,26469,203587,50.73
DABUR,EQ,24-Feb-2026,514.35,514.45,519.75,512.75,517.10,518.05,515.76,1517098,7824.63,25535,922114,60.78
DALBHARAT,EQ,24-Feb-2026,2090.80,2082.00,2088.80,2049.00,2076.40,2069.40,2067.92,101910,2107.41,13908,45579,44.72
DATAPATTNS,EQ,24-Feb-2026,3061.40,3056.00,3129.00,3026.50,3103.00,3097.70,3089.07,865752,26743.73,50772,259065,29.92
DCMSHRIRAM,EQ,24-Feb-2026,1093.60,1092.80,1092.80,1064.00,1087.50,1083.10,1078.39,28493,307.27,3886,12899,45.27
DEEPAKFERT,EQ,24-Feb-2026,1000.00,1000.00,1003.00,976.20,995.90,994.20,987.54,133527,1318.63,11277,66913,50.11
DEEPAKNTR,EQ,24-Feb-2026,1616.60,1613.00,1613.10,1580.40,1594.40,1588.40,1591.00,63380,1008.37,9535,27999,44.18
DELHIVERY,EQ,24-Feb-2026,433.95,433.95,439.75,427.60,438.80,436.75,433.58,2675306,11599.60,31489,1360440,50.85
DEVYANI,EQ,24-Feb-2026,133.13,133.00,133.00,128.70,129.70,129.48,130.06,1195634,1555.09,16088,549481,45.96
DIVISLAB,EQ,24-Feb-2026,6293.50,6255.00,6293.50,6226.50,6275.00,6255.50,6253.70,92139,5762.10,15092,46211,50.15
DIXON,EQ,24-Feb-2026,10599.00,10560.00,10614.00,10371.00,10579.00,10525.00,10484.34,512955,53779.94,66817,153600,29.94
DLF,EQ,24-Feb-2026,626.30,623.15,624.30,608.25,613.55,611.65,614.21,2835264,17414.54,36499,1510208,53.27
DMART,EQ,24-Feb-2026,3845.30,3840.00,3862.30,3798.60,3840.00,3849.30,3832.35,395317,15149.92,28051,200094,50.62
DOMS,EQ,24-Feb-2026,2298.00,2290.00,2387.00,2286.00,2368.00,2364.60,2357.50,159398,3757.80,24652,22170,13.91
DRREDDY,EQ,24-Feb-2026,1307.40,1307.50,1315.00,1297.10,1300.00,1300.20,1304.40,1803242,23521.43,65945,962127,53.36
ECLERX,EQ,24-Feb-2026,3472.50,3450.00,3459.30,3332.70,3350.00,3345.60,3377.72,74845,2528.06,15047,38985,52.09
EICHERMOT,EQ,24-Feb-2026,8038.50,7990.00,8059.50,7902.00,7915.00,7929.00,7951.18,430812,34254.65,69739,268732,62.38
EIDPARRY,EQ,24-Feb-2026,885.20,881.15,888.60,859.85,868.75,867.00,870.19,204678,1781.09,14711,117345,57.33
EIHOTEL,EQ,24-Feb-2026,323.60,323.60,323.60,317.25,321.50,320.45,319.57,183029,584.90,4961,119953,65.54
ELECON,EQ,24-Feb-2026,426.35,426.40,431.80,416.50,420.95,419.70,422.33,235468,994.46,11695,104243,44.27
ELGIEQUIP,EQ,24-Feb-2026,549.35,547.00,548.85,537.05,544.00,540.70,542.45,395827,2147.15,18906,174690,44.13
EMAMILTD,EQ,24-Feb-2026,479.75,477.05,479.75,470.00,474.75,474.70,473.89,501781,2377.89,22809,279412,55.68
EMCURE,EQ,24-Feb-2026,1435.60,1431.90,1449.90,1424.80,1430.10,1434.50,1438.96,126588,1821.56,16968,63036,49.80
EMMVEE,EQ,24-Feb-2026,210.57,210.58,215.60,208.72,213.50,213.25,211.46,704976,1490.73,11914,253609,35.97
ENDURANCE,EQ,24-Feb-2026,2554.80,2547.40,2701.60,2518.00,2685.00,2685.00,2644.59,279045,7379.60,34883,91283,32.71
ENGINERSIN,EQ,24-Feb-2026,217.01,216.90,218.82,211.82,216.05,215.76,215.30,5588595,12032.38,45988,1743199,31.19
ENRIN,EQ,24-Feb-2026,2815.70,2829.30,2928.00,2809.60,2912.00,2906.80,2873.68,520502,14957.56,37736,233694,44.90
ERIS,EQ,24-Feb-2026,1352.70,1358.00,1402.50,1347.30,1391.00,1384.60,1376.86,127185,1751.16,10530,40111,31.54
ESCORTS,EQ,24-Feb-2026,3483.90,3483.90,3590.30,3476.10,3561.00,3565.40,3545.46,135907,4818.53,21840,58975,43.39
ETERNAL,EQ,24-Feb-2026,268.00,260.00,264.90,251.80,254.40,254.00,256.03,76836880,196724.75,535404,40175965,52.29
EXIDEIND,EQ,24-Feb-2026,338.40,335.85,338.40,332.85,337.00,335.95,335.08,807265,2704.96,17888,314377,38.94
FACT,EQ,24-Feb-2026,773.70,774.45,778.80,751.60,760.00,757.25,759.85,68339,519.27,4655,25424,37.20
FEDERALBNK,EQ,24-Feb-2026,296.20,296.45,300.00,295.00,296.30,295.65,296.79,9095061,26993.14,57385,4444597,48.87
FINCABLES,EQ,24-Feb-2026,825.20,825.20,825.20,800.00,812.60,812.35,811.43,217723,1766.67,14432,103106,47.36
FIRSTCRY,EQ,24-Feb-2026,218.05,215.65,218.60,210.45,213.25,212.65,213.93,2150854,4601.22,35811,652228,30.32
FIVESTAR,EQ,24-Feb-2026,435.35,435.00,435.00,424.50,426.90,426.15,428.28,1184506,5072.97,25128,772861,65.25
FLUOROCHEM,EQ,24-Feb-2026,3497.80,3451.80,3550.00,3424.10,3549.40,3538.60,3502.66,36860,1291.08,5620,17001,46.12
FORCEMOT,EQ,24-Feb-2026,24452.00,24450.00,25250.00,24304.00,25145.00,25038.00,24880.18,78946,19641.91,24104,22729,28.79
FORTIS,EQ,24-Feb-2026,919.70,916.00,923.50,910.05,923.00,919.55,917.16,609597,5591.00,23518,361840,59.36
FSL,EQ,24-Feb-2026,240.20,237.00,239.50,227.00,228.15,227.90,230.84,2454705,5666.38,40725,1152849,46.96
GABRIEL,EQ,24-Feb-2026,972.20,975.00,975.00,951.15,966.80,965.80,959.93,99479,954.93,9093,50325,50.59
GAIL,EQ,24-Feb-2026,167.13,165.60,168.59,165.60,168.55,167.86,167.43,8809408,14750.03,58932,5737670,65.13
GALLANTT,EQ,24-Feb-2026,558.85,552.90,560.50,542.30,552.30,553.85,549.80,56976,313.25,2182,26358,46.26
GESHIP,EQ,24-Feb-2026,1299.20,1300.00,1327.00,1293.20,1324.00,1323.20,1312.39,542567,7120.60,35316,273319,50.38
GICRE,EQ,24-Feb-2026,389.85,387.05,392.40,383.80,388.60,386.10,388.58,536108,2083.19,15481,285448,53.24
GILLETTE,EQ,24-Feb-2026,8623.00,8613.50,8613.50,8400.00,8426.00,8417.50,8454.45,14953,1264.19,4549,6846,45.78
GLAND,EQ,24-Feb-2026,1802.80,1790.00,1810.00,1774.10,1810.00,1802.40,1792.62,39426,706.76,6044,19674,49.90
GLAXO,EQ,24-Feb-2026,2638.60,2635.10,2635.10,2591.30,2617.70,2618.20,2610.40,57672,1505.47,6248,32359,56.11
GLENMARK,EQ,24-Feb-2026,2039.20,2028.50,2078.50,2025.40,2070.80,2058.60,2046.60,372423,7622.00,21560,192682,51.74
GMDCLTD,EQ,24-Feb-2026,564.20,560.00,568.25,552.55,563.50,560.85,559.58,1437156,8041.98,28296,453225,31.54
GMRAIRPORT,EQ,24-Feb-2026,100.84,100.50,102.50,99.65,102.10,101.70,100.85,7047232,7106.80,28527,3710641,52.65
GODFRYPHLP,EQ,24-Feb-2026,2213.10,2230.00,2239.00,2120.80,2150.00,2148.00,2152.52,2072948,44620.52,105485,392228,18.92
GODIGIT,EQ,24-Feb-2026,337.95,339.90,340.50,334.85,337.40,337.75,337.50,217049,732.54,10786,126821,58.43
GODREJCP,EQ,24-Feb-2026,1222.90,1226.80,1237.90,1214.30,1236.00,1234.60,1225.66,1187285,14552.04,34007,756542,63.72
GODREJIND,EQ,24-Feb-2026,1049.90,1041.00,1060.00,1025.15,1053.50,1050.30,1042.76,62722,654.04,4083,38079,60.71
GODREJPROP,EQ,24-Feb-2026,1829.70,1825.00,1831.20,1749.00,1782.00,1770.70,1778.82,1923433,34214.35,52009,1108509,57.63
GPIL,EQ,24-Feb-2026,268.86,270.10,270.95,259.00,269.00,268.61,267.16,883578,2360.61,12740,452408,51.20
GRANULES,EQ,24-Feb-2026,599.25,591.25,600.00,591.25,599.80,599.60,598.35,532195,3184.41,13391,276730,52.00
GRAPHITE,EQ,24-Feb-2026,694.45,691.95,702.00,672.90,683.10,683.65,686.33,1100980,7556.39,24996,323099,29.35
GRASIM,EQ,24-Feb-2026,2873.40,2850.20,2886.70,2847.40,2879.30,2879.30,2862.91,593814,17000.39,30415,351443,59.18
GRAVITA,EQ,24-Feb-2026,1591.90,1581.90,1591.90,1565.00,1577.40,1579.80,1574.73,59839,942.30,6615,35179,58.79
GROWW,EQ,24-Feb-2026,167.36,167.00,167.00,161.60,163.20,163.11,163.34,20897409,34134.53,93538,8869815,42.44
GRSE,EQ,24-Feb-2026,2446.10,2425.00,2440.00,2395.00,2419.00,2416.30,2412.62,377293,9102.65,23460,116832,30.97
GVT&D,EQ,24-Feb-2026,3713.10,3698.00,3760.40,3645.90,3730.00,3735.90,3722.53,606582,22580.20,40774,400432,66.01
HAL,EQ,24-Feb-2026,4025.40,4005.00,4032.40,3937.10,3953.00,3952.60,3972.39,1605651,63782.66,100642,764811,47.63
HAVELLS,EQ,24-Feb-2026,1412.80,1410.00,1417.80,1392.60,1400.10,1403.80,1403.64,273019,3832.19,20522,126852,46.46
HBLENGINE,EQ,24-Feb-2026,705.50,706.95,709.90,694.10,704.00,700.55,701.34,879976,6171.60,26130,348499,39.60
HCLTECH,EQ,24-Feb-2026,1426.20,1402.30,1406.70,1322.50,1343.00,1339.20,1346.66,10004684,134729.35,262757,5583981,55.81
HDBFS,EQ,24-Feb-2026,719.30,715.00,723.95,712.75,718.90,717.00,717.80,198056,1421.65,9689,117475,59.31
HDFCAMC,EQ,24-Feb-2026,2726.80,2719.80,2727.90,2666.50,2691.00,2681.40,2691.34,654112,17604.40,42437,375706,57.44
HDFCBANK,EQ,24-Feb-2026,923.60,927.95,927.95,909.15,911.50,910.50,915.33,31313985,286625.10,298283,16994295,54.27
HDFCLIFE,EQ,24-Feb-2026,742.45,740.10,742.80,730.15,740.00,734.75,735.61,1919196,14117.83,59401,1238486,64.53
HEG,EQ,24-Feb-2026,554.65,555.00,573.70,550.95,566.00,564.75,565.05,3540765,20007.02,67196,934466,26.39
HEROMOTOCO,EQ,24-Feb-2026,5488.50,5480.00,5523.00,5436.50,5520.00,5511.00,5499.36,396015,21778.30,50287,231754,58.52
HEXT,EQ,24-Feb-2026,503.75,494.10,496.85,475.10,475.75,477.20,483.90,1346623,6516.29,38696,484653,35.99
HFCL,EQ,24-Feb-2026,69.69,69.50,70.15,67.85,69.60,69.40,69.04,10533828,7272.05,30241,3712239,35.24
HINDALCO,EQ,24-Feb-2026,916.20,920.50,927.00,908.05,925.30,922.85,919.21,5179022,47606.19,127560,2858604,55.20
HINDCOPPER,EQ,24-Feb-2026,563.35,569.00,569.05,556.45,565.25,563.45,560.68,6939903,38910.83,87292,1505275,21.69
HINDPETRO,EQ,24-Feb-2026,438.50,437.00,448.95,436.15,447.50,447.05,442.18,3515127,15543.28,60164,1712675,48.72
HINDUNILVR,EQ,24-Feb-2026,2345.40,2331.10,2372.00,2330.30,2364.80,2358.60,2358.14,1544803,36428.60,63566,899933,58.26
HINDZINC,EQ,24-Feb-2026,590.85,593.00,600.95,588.50,599.60,597.35,594.42,4411001,26219.99,50157,1490107,33.78
HOMEFIRST,EQ,24-Feb-2026,1173.80,1172.30,1209.50,1148.00,1204.00,1205.10,1194.37,241109,2879.72,19037,118988,49.35
HONASA,EQ,24-Feb-2026,306.70,307.00,308.65,300.70,303.00,305.65,304.93,758868,2313.99,16851,461039,60.75
HONAUT,EQ,24-Feb-2026,31570.00,31500.00,31935.00,31320.00,31600.00,31610.00,31624.70,5824,1841.82,2707,3023,51.91
HSCL,EQ,24-Feb-2026,490.35,489.05,496.25,485.15,491.00,488.20,489.80,1366504,6693.11,18562,404305,29.59
HUDCO,EQ,24-Feb-2026,194.10,194.00,194.00,188.36,190.30,190.08,190.46,4069852,7751.41,22736,1539119,37.82
HYUNDAI,EQ,24-Feb-2026,2284.80,2262.00,2265.50,2152.30,2163.80,2159.90,2184.43,673838,14719.50,44631,317173,47.07
ICICIAMC,EQ,24-Feb-2026,3131.00,3144.00,3172.00,3111.10,3151.00,3150.00,3149.26,522517,16455.42,32667,412543,78.95
ICICIBANK,EQ,24-Feb-2026,1399.40,1400.90,1400.90,1382.30,1385.50,1384.80,1388.50,18274784,253745.56,178572,10740431,58.77
ICICIGI,EQ,24-Feb-2026,1953.80,1950.10,1957.60,1893.00,1902.00,1903.90,1913.19,422008,8073.80,33350,221612,52.51
ICICIPRULI,EQ,24-Feb-2026,664.15,665.20,665.35,658.45,661.35,661.40,661.63,812117,5373.24,21494,468187,57.65
IDBI,EQ,24-Feb-2026,113.44,113.30,115.54,112.22,113.60,113.13,113.89,15102988,17200.88,41959,4288668,28.40
IDEA,EQ,24-Feb-2026,10.98,10.98,11.05,10.79,10.95,10.91,10.90,385651453,42026.20,83569,111729339,28.97
IDFCFIRSTB,EQ,24-Feb-2026,70.04,69.89,72.24,68.50,70.75,70.97,70.23,321537145,225811.40,672574,91053666,28.32
IEX,EQ,24-Feb-2026,125.72,125.50,126.50,124.50,126.20,125.63,125.47,6405727,8037.22,39100,2926102,45.68
IFCI,EQ,24-Feb-2026,59.71,59.69,59.70,58.23,58.88,58.72,58.78,10094766,5933.55,24844,2741638,27.16
IGIL,EQ,24-Feb-2026,333.80,332.80,332.80,322.80,330.00,330.00,327.66,300926,986.01,9740,152604,50.71
IGL,EQ,24-Feb-2026,169.90,170.00,171.45,168.22,170.05,170.16,170.12,2178514,3706.14,41632,1262674,57.96
IIFL,EQ,24-Feb-2026,503.90,503.00,505.95,495.60,503.80,502.45,501.23,670293,3359.73,22911,283226,42.25
IKS,EQ,24-Feb-2026,1540.20,1534.10,1541.80,1441.60,1465.00,1456.10,1478.92,445732,6592.01,37944,225918,50.68
INDGN,EQ,24-Feb-2026,483.20,483.20,484.00,470.15,481.40,479.80,475.84,558908,2659.50,15130,410387,73.43
INDHOTEL,EQ,24-Feb-2026,675.10,669.10,679.10,668.30,678.00,676.15,672.42,2532825,17031.34,42995,1673854,66.09
INDIACEM,EQ,24-Feb-2026,426.95,426.95,428.70,418.20,425.65,425.75,422.93,180537,763.55,7697,65005,36.01
INDIAMART,EQ,24-Feb-2026,2217.30,2205.10,2224.00,2177.00,2220.10,2213.00,2203.30,93148,2052.33,15421,64495,69.24
INDIANB,EQ,24-Feb-2026,982.75,981.00,989.90,975.35,988.00,985.85,983.02,2141014,21046.69,41313,768172,35.88
INDIGO,EQ,24-Feb-2026,4862.20,4812.00,4862.20,4806.00,4859.00,4850.30,4846.46,406380,19695.03,43492,228925,56.33
INDUSINDBK,EQ,24-Feb-2026,919.75,919.75,934.40,912.00,932.00,931.40,926.55,3079572,28533.81,62431,1349103,43.81
INDUSTOWER,EQ,24-Feb-2026,472.20,469.90,473.00,464.05,471.00,469.90,468.53,5575559,26123.09,90987,3030111,54.35
INFY,EQ,24-Feb-2026,1327.50,1301.00,1303.60,1264.10,1280.20,1275.50,1277.70,27839061,355699.25,675579,15953772,57.31
INOXWIND,EQ,24-Feb-2026,96.13,95.80,97.29,93.45,95.49,95.03,95.14,9395145,8938.09,29775,3048790,32.45
INTELLECT,EQ,24-Feb-2026,701.40,701.45,708.00,683.00,694.35,697.00,693.37,300914,2086.44,19428,139661,46.41
IOB,EQ,24-Feb-2026,36.52,36.70,37.35,36.13,36.50,36.48,36.78,14628676,5379.99,39221,4022117,27.49
IOC,EQ,24-Feb-2026,176.46,176.99,181.00,176.51,180.51,180.19,179.14,22691029,40648.38,149847,12255741,54.01
IPCALAB,EQ,24-Feb-2026,1473.70,1471.80,1544.00,1458.00,1541.00,1515.30,1502.96,150387,2260.26,12042,87366,58.09
IRB,EQ,24-Feb-2026,40.26,40.19,40.40,39.65,40.34,40.16,39.92,5766178,2301.83,22834,3186588,55.26
IRCON,EQ,24-Feb-2026,149.59,149.50,149.50,147.15,148.29,148.03,147.99,993091,1469.69,14608,414283,41.72
IRCTC,EQ,24-Feb-2026,639.45,636.90,636.90,611.15,614.80,614.45,622.50,4217676,26254.97,61663,2545177,60.35
IREDA,EQ,24-Feb-2026,127.23,126.28,127.60,124.65,126.20,126.01,125.98,6387831,8047.51,36820,1536383,24.05
IRFC,EQ,24-Feb-2026,111.89,111.34,111.56,109.05,109.90,109.44,110.08,13884700,15283.84,71006,5214121,37.55
ITC,EQ,24-Feb-2026,325.40,324.00,325.40,322.05,324.20,323.50,323.47,13135859,42490.88,170638,7790375,59.31
ITCHOTELS,EQ,24-Feb-2026,180.86,180.90,180.90,177.65,180.00,179.64,178.86,1754106,3137.35,21968,933495,53.22
ITI,EQ,24-Feb-2026,278.45,276.00,278.35,272.15,273.55,273.50,273.92,191152,523.60,5953,72254,37.80
J&KBANK,EQ,24-Feb-2026,106.54,106.00,115.50,105.25,110.80,110.05,111.23,29853896,33206.71,114478,7372598,24.70
JAINREC,EQ,24-Feb-2026,379.40,380.00,380.00,367.15,369.00,369.05,370.62,747641,2770.92,22503,375356,50.21
JBCHEPHARM,EQ,24-Feb-2026,2046.90,2032.30,2087.20,2030.00,2076.80,2070.40,2068.56,674076,13943.66,28712,424930,63.04
JBMA,EQ,24-Feb-2026,567.55,565.00,567.95,553.00,561.95,556.50,558.46,177928,993.65,8921,63742,35.82
JINDALSAW,EQ,24-Feb-2026,179.30,178.50,178.72,173.97,176.40,175.69,175.95,1074736,1890.95,13660,424867,39.53
JINDALSTEL,EQ,24-Feb-2026,1216.60,1216.60,1240.00,1211.10,1234.20,1233.30,1226.45,1023225,12549.35,25492,368676,36.03
JIOFIN,EQ,24-Feb-2026,257.80,257.20,257.20,253.20,255.90,255.25,255.23,10953963,27957.98,79647,6177551,56.40
JKCEMENT,EQ,24-Feb-2026,5784.00,5750.00,5778.50,5575.00,5644.50,5626.00,5624.33,119897,6743.40,16172,84609,70.57
JKTYRE,EQ,24-Feb-2026,532.55,532.55,542.75,530.05,532.40,534.75,535.93,1309710,7019.13,47336,499039,38.10
JMFINANCIL,EQ,24-Feb-2026,134.72,134.26,135.00,131.26,133.57,132.88,132.78,1260677,1673.97,14789,455981,36.17
JPPOWER,EQ,24-Feb-2026,14.51,14.55,14.57,14.21,14.49,14.39,14.34,25300028,3627.06,21703,11462121,45.30
JSL,EQ,24-Feb-2026,795.20,796.00,814.95,788.00,793.00,793.65,797.02,1700672,13554.63,34120,990678,58.25
JSWCEMENT,EQ,24-Feb-2026,125.09,125.00,128.00,123.61,127.01,127.48,126.03,2605890,3284.32,28659,1421859,54.56
JSWENERGY,EQ,24-Feb-2026,486.40,485.00,493.00,479.75,490.50,490.25,485.19,1388776,6738.25,29252,675751,48.66
JSWINFRA,EQ,24-Feb-2026,258.85,260.10,261.20,253.30,256.70,256.50,256.36,1151365,2951.60,20998,460986,40.04
JSWSTEEL,EQ,24-Feb-2026,1240.50,1230.20,1259.00,1230.20,1256.20,1254.50,1249.70,1515571,18940.10,48447,866505,57.17
JUBLFOOD,EQ,24-Feb-2026,536.10,535.00,535.05,513.65,521.20,518.90,519.28,3283010,17048.04,36386,1991343,60.66
JUBLINGREA,EQ,24-Feb-2026,608.60,608.50,608.50,592.00,603.90,602.45,598.24,169531,1014.20,9901,72681,42.87
JUBLPHARMA,EQ,24-Feb-2026,901.00,900.00,900.00,867.20,877.80,879.00,878.73,173438,1524.05,12938,101862,58.73
JWL,EQ,24-Feb-2026,289.65,285.55,289.45,281.80,283.40,284.05,284.60,609821,1735.57,11764,202643,33.23
JYOTICNC,EQ,24-Feb-2026,859.65,860.00,860.00,841.65,848.70,848.05,846.86,112211,950.27,7662,58028,51.71
KAJARIACER,EQ,24-Feb-2026,995.10,988.00,992.95,944.80,950.00,949.60,963.45,145983,1406.47,14747,77984,53.42
KALYANKJIL,EQ,24-Feb-2026,402.15,400.35,409.70,399.05,408.50,406.90,403.26,3592400,14486.69,43175,1485180,41.34
KARURVYSYA,EQ,24-Feb-2026,325.55,325.55,339.00,322.75,337.45,336.05,334.36,6851485,22908.49,71706,2139552,31.23
KAYNES,EQ,24-Feb-2026,3799.50,3785.00,3868.00,3745.90,3860.00,3838.60,3794.64,893784,33915.85,50485,165259,18.49
KEC,EQ,24-Feb-2026,582.65,582.95,592.80,574.55,592.00,590.70,583.39,699611,4081.47,28067,258235,36.91
KEI,EQ,24-Feb-2026,4765.70,4760.10,4823.00,4711.10,4820.00,4781.00,4785.80,309101,14792.96,25258,144187,46.65
KFINTECH,EQ,24-Feb-2026,1011.30,1009.00,1009.50,988.00,1002.50,1001.30,998.05,782889,7813.59,18837,368629,47.09
KIMS,EQ,24-Feb-2026,717.45,715.00,740.00,709.65,732.70,735.85,726.83,609994,4433.60,22289,284625,46.66
KIRLOSENG,EQ,24-Feb-2026,1397.60,1403.00,1417.20,1361.00,1384.00,1392.80,1387.88,150058,2082.63,11488,56598,37.72
KOTAKBANK,EQ,24-Feb-2026,430.70,430.90,432.45,425.80,428.00,427.70,428.94,15016915,64414.08,159186,9908451,65.98
KPIL,EQ,24-Feb-2026,1187.00,1192.90,1208.50,1175.50,1205.00,1205.40,1195.04,288392,3446.41,21985,122780,42.57
KPITTECH,EQ,24-Feb-2026,812.70,809.00,809.30,758.00,760.00,760.50,773.13,3617378,27966.92,91865,1734713,47.95
KPRMILL,EQ,24-Feb-2026,921.55,915.00,928.00,896.40,915.00,920.15,910.16,488991,4450.61,25348,244170,49.93
LALPATHLAB,EQ,24-Feb-2026,1396.00,1396.00,1414.60,1376.40,1412.00,1409.10,1395.30,252709,3526.04,22071,162044,64.12
LATENTVIEW,EQ,24-Feb-2026,350.40,348.00,349.40,339.00,344.40,345.20,342.52,611748,2095.37,24217,226095,36.96
LAURUSLABS,EQ,24-Feb-2026,1017.05,1017.05,1034.80,996.90,1031.05,1028.50,1019.64,1411849,14395.77,42060,718123,50.86
LEMONTREE,EQ,24-Feb-2026,116.93,116.10,116.87,112.90,114.46,113.67,113.73,5270044,5993.39,54221,2936751,55.73
LENSKART,EQ,24-Feb-2026,485.20,485.00,490.60,480.70,484.10,484.50,485.86,1645847,7996.56,46900,768469,46.69
LGEINDIA,EQ,24-Feb-2026,1557.30,1557.00,1575.00,1549.00,1565.00,1568.10,1563.23,465462,7276.24,42988,232248,49.90
LICHSGFIN,EQ,24-Feb-2026,524.85,523.95,533.00,521.70,532.20,532.05,528.86,1604626,8486.21,33488,848288,52.87
LICI,EQ,24-Feb-2026,883.25,882.00,886.00,872.00,885.00,882.00,879.64,1383677,12171.37,34696,656857,47.47
LINDEINDIA,EQ,24-Feb-2026,6739.50,6727.00,6734.50,6556.00,6632.00,6636.50,6629.96,24382,1616.52,5857,11928,48.92
LLOYDSME,EQ,24-Feb-2026,1139.00,1123.20,1168.70,1123.10,1158.00,1164.10,1149.49,289945,3332.88,13817,156592,54.01
LODHA,EQ,24-Feb-2026,1072.90,1065.00,1078.45,1024.65,1044.60,1040.80,1042.74,798095,8322.03,29559,358010,44.86
LT,EQ,24-Feb-2026,4418.10,4415.50,4440.00,4228.10,4271.00,4259.20,4317.04,3673070,158568.03,166929,2434445,66.28
LTF,EQ,24-Feb-2026,299.65,299.65,299.65,295.05,299.00,297.45,297.34,3623378,10773.90,39572,1593246,43.97
LTFOODS,EQ,24-Feb-2026,421.00,419.50,419.50,407.45,409.95,408.70,412.78,360814,1489.36,15080,134239,37.20
LTTS,EQ,24-Feb-2026,3439.40,3388.40,3402.20,3140.00,3158.80,3148.60,3225.39,534886,17252.18,61141,230390,43.07
LUPIN,EQ,24-Feb-2026,2241.40,2252.50,2257.90,2235.00,2252.00,2250.20,2247.64,1074791,24157.39,43893,653714,60.82
M&M,EQ,24-Feb-2026,3447.10,3415.00,3441.00,3390.00,3440.00,3433.20,3422.67,1929400,66037.08,97515,1304506,67.61
M&MFIN,EQ,24-Feb-2026,380.20,380.20,380.35,362.30,364.55,364.65,364.93,3427333,12507.26,41283,2128005,62.09
MAHABANK,EQ,24-Feb-2026,69.64,69.64,72.44,69.00,72.00,71.86,71.46,48120203,34389.07,115082,18005795,37.42
MANAPPURAM,EQ,24-Feb-2026,303.85,303.85,307.50,300.85,305.70,305.30,303.82,1681412,5108.47,16480,498977,29.68
MANKIND,EQ,24-Feb-2026,2046.60,2037.00,2060.60,2029.40,2060.00,2054.70,2049.33,217522,4457.75,15245,107413,49.38
MAPMYINDIA,EQ,24-Feb-2026,1114.10,1107.00,1107.00,1066.50,1075.00,1075.40,1078.35,167425,1805.43,13476,79903,47.72
MARICO,EQ,24-Feb-2026,801.45,802.55,813.50,801.00,809.00,810.35,808.63,1949882,15767.41,43571,1081352,55.46
MARUTI,EQ,24-Feb-2026,15072.00,15001.00,15062.00,14904.00,14920.00,14926.00,14945.34,300991,44984.11,45176,177120,58.85
MAXHEALTH,EQ,24-Feb-2026,1083.60,1078.75,1089.50,1077.40,1080.40,1086.40,1084.76,2375483,25768.18,52016,1618954,68.15
MAZDOCK,EQ,24-Feb-2026,2280.80,2284.10,2288.90,2236.00,2260.00,2256.40,2254.12,729152,16435.93,38609,225042,30.86
MCX,EQ,24-Feb-2026,2396.20,2385.00,2410.90,2373.00,2402.90,2395.80,2394.14,1777072,42545.64,77986,699698,39.37
MEDANTA,EQ,24-Feb-2026,1166.00,1156.00,1162.90,1140.00,1151.00,1149.90,1147.41,102590,1177.12,13624,61230,59.68
MEESHO,EQ,24-Feb-2026,158.00,158.00,158.00,152.25,156.50,154.96,154.35,2150856,3319.79,28722,954898,44.40
MFSL,EQ,24-Feb-2026,1870.00,1865.00,1868.30,1839.40,1843.00,1841.90,1845.77,783572,14462.97,56436,564711,72.07
MGL,EQ,24-Feb-2026,1163.20,1154.00,1197.50,1152.00,1192.00,1193.00,1185.05,538684,6383.69,31352,274985,51.05
MINDACORP,EQ,24-Feb-2026,579.45,581.00,581.00,567.75,572.10,573.65,572.85,85297,488.63,5730,41590,48.76
MMTC,EQ,24-Feb-2026,61.56,61.36,61.90,60.65,61.60,61.68,61.20,1018842,623.49,6976,276202,27.11
MOTHERSON,EQ,24-Feb-2026,130.82,130.82,132.34,130.00,132.30,131.56,131.13,14440301,18935.47,72970,8344968,57.79
MOTILALOFS,EQ,24-Feb-2026,763.25,763.00,763.00,736.45,745.95,743.20,746.51,650507,4856.09,29546,324694,49.91
MPHASIS,EQ,24-Feb-2026,2309.80,2230.00,2277.80,2210.70,2225.00,2223.00,2235.72,1348323,30144.74,67743,619340,45.93
MRF,EQ,24-Feb-2026,145760.00,145700.00,146200.00,142630.00,144600.00,143950.00,143753.57,7790,11198.40,5255,3527,45.28
MRPL,EQ,24-Feb-2026,192.27,192.27,197.60,191.50,197.50,196.86,195.04,10306016,20100.60,57307,2613038,25.35
MSUMI,EQ,24-Feb-2026,44.47,44.46,44.46,43.25,43.65,43.61,43.66,3164042,1381.34,27378,1607001,50.79
MUTHOOTFIN,EQ,24-Feb-2026,3473.20,3475.00,3504.00,3444.00,3500.00,3494.00,3474.37,550989,19143.41,65872,281087,51.01
NAM-INDIA,EQ,24-Feb-2026,985.05,985.00,985.00,964.25,980.05,977.15,975.60,725906,7081.91,36633,471592,64.97
NATCOPHARM,EQ,24-Feb-2026,893.00,886.90,950.00,885.55,944.75,944.85,935.23,10308556,96408.26,200829,1247473,12.10
NATIONALUM,EQ,24-Feb-2026,338.95,339.40,345.00,334.35,343.40,343.00,339.30,6380571,21649.45,61781,2882309,45.17
NAUKRI,EQ,24-Feb-2026,1069.70,1064.00,1064.00,1006.10,1025.10,1017.90,1027.38,3314462,34052.02,109945,1820555,54.93
NAVA,EQ,24-Feb-2026,567.15,563.05,581.00,563.05,574.20,577.60,573.38,283510,1625.60,11003,115692,40.81
NAVINFLUOR,EQ,24-Feb-2026,6649.50,6606.00,6637.50,6285.00,6359.00,6328.00,6406.40,175938,11271.29,24896,84617,48.09
NBCC,EQ,24-Feb-2026,95.34,95.30,95.34,93.21,94.86,94.54,94.31,7043891,6643.12,33860,2064897,29.31
NCC,EQ,24-Feb-2026,149.85,149.01,150.06,147.90,148.86,149.00,148.97,1598936,2381.98,16930,693242,43.36
NESTLEIND,EQ,24-Feb-2026,1315.10,1305.60,1323.90,1305.60,1318.40,1320.00,1317.21,1120203,14755.40,71636,675392,60.29
NETWEB,EQ,24-Feb-2026,3552.70,3535.00,3599.00,3450.00,3597.00,3563.20,3519.07,2102813,73999.38,129002,245122,11.66
NEULANDLAB,EQ,24-Feb-2026,13651.00,13497.00,13650.00,13304.00,13400.00,13366.00,13412.82,45522,6105.78,13799,9394,20.64
NEWGEN,EQ,24-Feb-2026,536.65,539.25,540.45,510.50,517.00,513.95,520.39,5164871,26877.38,97914,516602,10.00
NH,EQ,24-Feb-2026,1869.60,1869.60,1869.60,1811.40,1823.10,1821.00,1825.20,268737,4904.98,24454,140384,52.24
NHPC,EQ,24-Feb-2026,74.08,73.98,76.00,73.70,75.81,75.77,75.01,13924500,10444.89,50830,7480394,53.72
NIACL,EQ,24-Feb-2026,151.80,151.00,151.72,148.25,149.84,149.47,149.90,220107,329.95,5313,89456,40.64
NIVABUPA,EQ,24-Feb-2026,76.17,75.58,76.60,75.51,76.60,76.50,76.18,375491,286.04,4423,237853,63.34
NLCINDIA,EQ,24-Feb-2026,265.45,263.25,265.50,261.15,263.95,263.90,263.36,1221109,3215.97,17085,671317,54.98
NMDC,EQ,24-Feb-2026,78.91,79.00,81.05,78.51,80.85,80.80,80.22,28891427,23176.76,84043,16361895,56.63
NSLNISP,EQ,24-Feb-2026,38.82,38.75,38.85,37.90,38.80,38.66,38.41,2953521,1134.45,13823,1477891,50.04
NTPC,EQ,24-Feb-2026,375.45,374.95,385.00,373.55,384.50,382.75,378.73,20774629,78679.07,239139,12483195,60.09
NTPCGREEN,EQ,24-Feb-2026,90.34,90.00,90.70,89.15,89.90,89.90,89.89,2767072,2487.37,21613,1291590,46.68
NUVAMA,EQ,24-Feb-2026,1263.50,1270.00,1288.00,1256.60,1280.00,1275.80,1270.10,249614,3170.34,15537,85753,34.35
NUVOCO,EQ,24-Feb-2026,333.75,333.05,336.25,329.45,332.10,334.85,333.70,106937,356.84,5309,54408,50.88
NYKAA,EQ,24-Feb-2026,266.73,266.44,266.44,257.53,262.10,261.36,260.21,5703923,14842.02,53044,3196365,56.04
OBEROIRLTY,EQ,24-Feb-2026,1521.80,1510.00,1529.90,1497.00,1511.00,1511.90,1510.58,428982,6480.13,17407,209515,48.84
OFSS,EQ,24-Feb-2026,6669.50,6605.00,6646.50,6399.50,6465.00,6454.00,6481.36,212873,13797.06,31382,91992,43.21
OIL,EQ,24-Feb-2026,473.75,476.00,478.80,467.60,473.85,472.20,472.81,2965156,14019.48,31944,823176,27.76
OLAELEC,EQ,24-Feb-2026,25.85,25.70,26.40,25.00,25.26,25.14,25.59,65924049,16870.52,86387,14036770,21.29
OLECTRA,EQ,24-Feb-2026,1041.20,1041.00,1041.00,1008.60,1021.90,1024.60,1020.99,420330,4291.54,22155,117416,27.93
ONESOURCE,EQ,24-Feb-2026,1324.00,1315.00,1340.00,1280.50,1329.10,1322.90,1309.54,176115,2306.29,17757,61300,34.81
ONGC,EQ,24-Feb-2026,275.65,275.65,278.15,273.30,277.20,276.50,275.59,16311581,44952.56,171159,8250819,50.58
PAGEIND,EQ,24-Feb-2026,33070.00,33150.00,33400.00,32725.00,33360.00,33160.00,33041.75,23524,7772.74,9160,13801,58.67
PARADEEP,EQ,24-Feb-2026,117.50,117.00,118.39,114.63,115.49,115.42,115.94,4441638,5149.56,36999,1693919,38.14
PATANJALI,EQ,24-Feb-2026,532.95,530.00,532.80,518.80,522.50,522.40,526.02,1556379,8186.87,14613,503474,32.35
PAYTM,EQ,24-Feb-2026,1173.70,1162.10,1169.30,1116.50,1135.20,1131.70,1133.86,4165307,47228.65,94290,1698766,40.78
PCBL,EQ,24-Feb-2026,304.15,305.00,313.10,299.15,311.05,310.50,305.83,1562588,4778.94,25135,268346,17.17
PERSISTENT,EQ,24-Feb-2026,4977.50,4875.00,4918.00,4585.00,4679.00,4662.00,4692.56,2771545,130056.40,205894,1139457,41.11
PETRONET,EQ,24-Feb-2026,306.45,306.45,310.70,302.70,307.00,307.95,306.41,4742960,14532.91,55167,2598111,54.78
PFC,EQ,24-Feb-2026,411.80,410.95,420.25,407.25,419.60,419.40,415.27,8723019,36224.27,65714,4466451,51.20
PFIZER,EQ,24-Feb-2026,5071.50,5093.00,5133.00,5003.70,5098.00,5084.50,5082.26,14033,713.19,3934,6369,45.39
PGEL,EQ,24-Feb-2026,607.15,602.10,619.90,602.10,615.00,613.35,611.89,1369357,8378.90,22713,262831,19.19
PHOENIXLTD,EQ,24-Feb-2026,1716.30,1711.20,1720.70,1667.10,1696.90,1692.60,1692.51,358345,6065.03,28555,204868,57.17
PIDILITIND,EQ,24-Feb-2026,1481.00,1475.10,1486.70,1470.00,1485.00,1480.50,1480.74,641633,9500.91,29638,412183,64.24
PIIND,EQ,24-Feb-2026,3119.50,3109.90,3120.90,3085.10,3107.50,3107.20,3102.64,161311,5004.91,14098,77637,48.13
PINELABS,EQ,24-Feb-2026,208.58,207.39,210.32,202.80,204.40,203.26,205.57,1688642,3471.33,15858,1319744,78.15
PIRAMALFIN,EQ,24-Feb-2026,1768.40,1763.10,1768.00,1726.00,1765.00,1755.60,1750.02,121434,2125.11,13735,70606,58.14
PNB,EQ,24-Feb-2026,130.27,130.25,132.10,129.30,131.00,131.03,130.81,20878598,27311.04,80397,7042029,33.73
PNBHOUSING,EQ,24-Feb-2026,837.25,836.00,838.00,818.35,837.50,831.70,828.19,872601,7226.82,20849,513383,58.83
POLICYBZR,EQ,24-Feb-2026,1496.00,1494.00,1507.40,1472.00,1500.00,1494.60,1492.62,1901296,28379.11,73173,1058800,55.69
POLYCAB,EQ,24-Feb-2026,7974.00,7969.00,8147.50,7911.00,8120.00,8120.50,8096.33,858763,69528.28,102888,494093,57.54
POLYMED,EQ,24-Feb-2026,1268.80,1269.90,1303.20,1241.00,1287.00,1287.10,1277.51,261632,3342.37,14789,83051,31.74
POONAWALLA,EQ,24-Feb-2026,473.00,471.00,472.25,465.65,470.00,468.10,468.07,478965,2241.88,9980,206080,43.03
POWERGRID,EQ,24-Feb-2026,303.35,304.00,306.20,300.80,304.50,304.80,304.18,15863867,48254.81,142944,8591909,54.16
POWERINDIA,EQ,24-Feb-2026,24243.00,24101.00,25000.00,24000.00,24930.00,24903.00,24618.60,139000,34219.85,35071,29603,21.30
PPLPHARMA,EQ,24-Feb-2026,162.14,162.14,162.14,157.92,159.00,159.48,159.53,2663225,4248.67,18876,910137,34.17
PREMIERENE,EQ,24-Feb-2026,776.25,772.50,784.90,760.80,781.30,777.05,769.78,1270065,9776.72,23590,497628,39.18
PRESTIGE,EQ,24-Feb-2026,1488.90,1477.80,1483.10,1408.40,1431.00,1425.60,1431.30,1014229,14516.62,40210,562307,55.44
PTCIL,EQ,24-Feb-2026,17932.00,17778.00,18001.00,17671.00,17900.00,17897.00,17830.79,7621,1358.88,2895,2917,38.28
PVRINOX,EQ,24-Feb-2026,1031.90,1021.00,1034.90,1006.75,1032.50,1032.10,1022.88,292970,2996.72,17974,156660,53.47
PWL,EQ,24-Feb-2026,97.01,97.09,97.28,88.62,91.15,91.05,91.11,22619964,20608.68,104527,5864013,25.92
RADICO,EQ,24-Feb-2026,2716.00,2718.00,2734.90,2698.40,2710.30,2720.10,2716.82,171103,4648.56,28168,107265,62.69
RAILTEL,EQ,24-Feb-2026,330.60,328.50,328.75,319.75,323.95,323.45,323.42,1003914,3246.86,15244,394547,39.30
RAINBOW,EQ,24-Feb-2026,1217.10,1218.90,1218.90,1195.30,1199.50,1199.10,1204.86,42489,511.93,5497,24093,56.70
RAMCOCEM,EQ,24-Feb-2026,1143.30,1143.30,1152.00,1128.40,1147.00,1147.10,1138.66,59370,676.02,4980,28029,47.21
RBLBANK,EQ,24-Feb-2026,320.90,319.30,330.00,317.20,328.80,326.00,322.76,9940401,32083.38,49459,5406205,54.39
RECLTD,EQ,24-Feb-2026,352.20,351.00,355.85,347.50,354.90,354.00,351.47,7079250,24881.57,57926,3894258,55.01
REDINGTON,EQ,24-Feb-2026,245.80,246.00,246.50,238.70,240.90,239.95,240.92,1445567,3482.65,40720,714091,49.40
RELIANCE,EQ,24-Feb-2026,1428.00,1425.30,1433.30,1415.00,1431.10,1428.80,1424.96,12529409,178539.17,196324,5007284,39.96
RHIM,EQ,24-Feb-2026,455.75,456.20,456.20,434.95,438.00,440.30,441.26,127031,560.54,7759,59017,46.46
RITES,EQ,24-Feb-2026,219.42,218.50,218.79,215.10,217.25,216.94,216.33,369636,799.64,9593,175485,47.48
RKFORGE,EQ,24-Feb-2026,553.20,553.95,558.00,536.00,545.40,543.95,543.05,176629,959.19,8538,90579,51.28
RPOWER,EQ,24-Feb-2026,25.90,25.60,25.75,25.00,25.54,25.44,25.38,25481919,6468.48,41777,8434133,33.10
RRKABEL,EQ,24-Feb-2026,1450.70,1443.20,1513.30,1443.20,1501.10,1502.00,1488.00,810875,12065.81,51094,292143,36.03
RVNL,EQ,24-Feb-2026,319.20,318.30,322.50,313.85,321.40,321.65,317.81,6655071,21150.74,46451,2173153,32.65
SAGILITY,EQ,24-Feb-2026,43.33,43.26,43.26,41.91,42.55,42.40,42.64,33024775,14080.27,87587,17883886,54.15
SAIL,EQ,24-Feb-2026,156.68,156.70,160.68,152.05,160.07,160.18,157.73,47145393,74361.64,100085,18793589,39.86
SAILIFE,EQ,24-Feb-2026,968.10,966.00,966.00,938.40,946.00,942.90,951.04,451406,4293.06,19476,329106,72.91
SAMMAANCAP,EQ,24-Feb-2026,154.63,155.06,156.50,149.09,154.70,153.42,152.06,27055292,41141.18,54855,13145997,48.59
SAPPHIRE,EQ,24-Feb-2026,219.51,216.00,218.81,213.76,215.20,215.10,215.09,91260,196.29,11047,50961,55.84
SARDAEN,EQ,24-Feb-2026,511.60,511.25,521.00,508.25,517.00,519.35,517.31,395889,2047.95,14157,219387,55.42
SAREGAMA,EQ,24-Feb-2026,341.70,339.90,339.90,326.00,327.60,328.00,331.49,257120,852.33,9516,147505,57.37
SBFC,EQ,24-Feb-2026,97.13,96.60,97.42,95.50,96.55,96.87,96.82,646622,626.03,16288,329028,50.88
SBICARD,EQ,24-Feb-2026,784.25,778.00,784.00,760.05,783.60,779.60,772.62,1332832,10297.78,27209,449855,33.75
SBILIFE,EQ,24-Feb-2026,2109.60,2109.60,2119.00,2076.60,2087.00,2082.90,2090.29,841918,17598.55,49708,466188,55.37
SBIN,EQ,24-Feb-2026,1227.80,1232.00,1234.70,1219.70,1227.00,1223.30,1225.16,15788449,193433.95,254767,9799064,62.06
SCHAEFFLER,EQ,24-Feb-2026,3950.20,3964.90,4118.00,3947.40,4057.00,4084.80,4056.05,276595,11218.84,35080,124296,44.94
SCI,EQ,24-Feb-2026,259.27,260.50,263.00,256.00,260.30,259.90,259.47,2397825,6221.62,28402,564214,23.53
SHREECEM,EQ,24-Feb-2026,26550.00,26460.00,26790.00,26270.00,26560.00,26525.00,26507.07,28322,7507.33,12045,13917,49.14
SHRIRAMFIN,EQ,24-Feb-2026,1064.70,1064.70,1066.00,1050.20,1065.00,1061.70,1057.75,2464507,26068.23,74581,1342656,54.48
SHYAMMETL,EQ,24-Feb-2026,841.90,836.10,840.90,823.10,833.50,830.90,830.79,79247,658.37,5801,44395,56.02
SIEMENS,EQ,24-Feb-2026,3302.20,3305.00,3391.90,3274.20,3371.50,3365.60,3327.08,532121,17704.10,36975,197274,37.07
SIGNATURE,EQ,24-Feb-2026,985.25,980.00,990.00,926.30,932.15,931.10,953.41,408588,3895.50,10871,60323,14.76
SJVN,EQ,24-Feb-2026,73.93,73.86,74.65,72.91,74.58,74.19,73.89,4242452,3134.77,22572,1424207,33.57
SOBHA,EQ,24-Feb-2026,1513.10,1511.10,1513.10,1445.10,1454.00,1455.60,1474.14,107794,1589.04,13744,45512,42.22
SOLARINDS,EQ,24-Feb-2026,13370.00,13255.00,13339.00,13080.00,13330.00,13279.00,13232.40,101863,13478.92,16349,37214,36.53
SONACOMS,EQ,24-Feb-2026,536.05,533.00,536.80,525.10,530.00,529.45,528.78,821398,4343.36,23408,384141,46.77
SONATSOFTW,EQ,24-Feb-2026,281.65,282.40,282.40,268.95,270.40,270.15,272.90,751337,2050.39,17231,267939,35.66
SPLPETRO,EQ,24-Feb-2026,649.05,640.40,662.80,640.40,651.10,649.55,653.83,73625,481.38,9721,42034,57.09
SRF,EQ,24-Feb-2026,2646.10,2625.00,2632.00,2553.00,2591.00,2583.60,2587.55,602613,15592.90,36616,266046,44.15
STARHEALTH,EQ,24-Feb-2026,459.50,459.50,459.50,450.55,455.50,455.65,454.72,199832,908.68,9455,114367,57.23
SUMICHEM,EQ,24-Feb-2026,412.40,411.75,411.75,402.90,404.70,404.85,406.09,355164,1442.30,5769,295889,83.31
SUNDARMFIN,EQ,24-Feb-2026,5354.50,5309.00,5525.00,5200.00,5494.00,5467.00,5364.11,65026,3488.07,18631,32457,49.91
SUNPHARMA,EQ,24-Feb-2026,1732.30,1732.00,1745.90,1723.70,1737.80,1731.80,1734.79,2769363,48042.66,91605,1589962,57.41
SUNTV,EQ,24-Feb-2026,586.60,584.00,595.00,583.00,594.40,588.65,587.37,159726,938.18,6227,126870,79.43
SUPREMEIND,EQ,24-Feb-2026,3940.60,3928.40,4002.00,3922.30,3960.10,3961.40,3958.27,422784,16734.95,44822,233567,55.24
SUZLON,EQ,24-Feb-2026,44.25,44.25,44.39,43.36,44.35,44.13,43.88,56568697,24823.35,100043,24290413,42.94
SWANCORP,EQ,24-Feb-2026,379.00,380.85,395.05,372.10,386.00,385.75,384.10,2380560,9143.81,38955,906303,38.07
SWIGGY,EQ,24-Feb-2026,321.10,318.20,322.35,310.55,314.40,314.00,314.20,7337473,23054.26,64824,3215540,43.82
SYNGENE,EQ,24-Feb-2026,446.95,446.95,447.85,434.65,436.95,437.10,440.72,651929,2873.17,23006,249598,38.29
SYRMA,EQ,24-Feb-2026,841.80,837.95,843.15,815.15,831.30,826.95,825.73,624176,5154.02,25407,236621,37.91
TARIL,EQ,24-Feb-2026,304.41,303.00,309.50,299.89,303.70,302.52,304.25,4174802,12701.89,57077,857542,20.54
TATACAP,EQ,24-Feb-2026,339.05,338.20,339.85,334.55,337.10,337.45,337.60,922459,3114.18,29871,489524,53.07
TATACHEM,EQ,24-Feb-2026,714.45,710.25,715.90,699.10,710.20,710.00,707.25,471472,3334.47,21000,216579,45.94
TATACOMM,EQ,24-Feb-2026,1681.60,1685.30,1685.30,1590.10,1632.00,1622.80,1624.58,334083,5427.44,27547,199364,59.67
TATACONSUM,EQ,24-Feb-2026,1171.80,1161.00,1182.40,1160.70,1176.00,1178.00,1174.09,625615,7345.28,35466,326113,52.13
TATAELXSI,EQ,24-Feb-2026,4714.00,4675.50,4700.00,4455.00,4518.00,4498.00,4533.06,465584,21105.19,54880,173937,37.36
TATAINVEST,EQ,24-Feb-2026,688.20,685.30,685.30,663.15,668.00,666.20,668.23,909270,6076.03,24368,240917,26.50
TATAPOWER,EQ,24-Feb-2026,379.25,377.00,380.45,372.50,380.00,379.75,377.07,3005896,11334.24,37450,1278252,42.52
TATASTEEL,EQ,24-Feb-2026,208.14,207.21,209.54,206.75,209.00,209.13,208.58,23413086,48836.16,191819,11833242,50.54
TATATECH,EQ,24-Feb-2026,600.55,596.00,597.30,568.80,574.00,572.15,577.70,1747763,10096.78,51624,775590,44.38
TBOTEK,EQ,24-Feb-2026,1338.20,1332.20,1335.00,1299.00,1311.30,1309.40,1309.82,180609,2365.66,13153,136190,75.41
TCS,EQ,24-Feb-2026,2676.30,2641.00,2647.50,2561.30,2581.00,2573.70,2586.99,7798833,201755.19,424406,4812488,61.71
TECHM,EQ,24-Feb-2026,1440.90,1420.00,1423.20,1335.30,1352.00,1345.40,1359.59,7441035,101167.74,174695,4315628,58.00
TECHNOE,EQ,24-Feb-2026,1160.15,1150.05,1209.00,1138.20,1173.00,1169.45,1175.49,401714,4722.09,32171,148940,37.08
TEGA,EQ,24-Feb-2026,1727.00,1714.70,1799.00,1697.60,1776.00,1782.20,1749.46,148617,2599.99,11618,72306,48.65
TEJASNET,EQ,24-Feb-2026,326.50,325.50,325.50,312.45,316.50,317.00,316.69,883326,2797.43,21588,290266,32.86
TENNIND,EQ,24-Feb-2026,574.95,577.00,578.90,561.50,567.25,565.60,569.27,274335,1561.70,11851,108203,39.44
THELEELA,EQ,24-Feb-2026,437.25,430.00,440.30,430.00,439.00,437.80,434.92,70834,308.07,7183,35400,49.98
THERMAX,EQ,24-Feb-2026,3155.60,3126.50,3157.60,3111.00,3155.00,3148.20,3134.68,148525,4655.79,11293,111700,75.21
TIINDIA,EQ,24-Feb-2026,2539.60,2541.00,2590.00,2512.30,2561.80,2562.70,2550.46,818791,20882.94,39303,511978,62.53
TIMKEN,EQ,24-Feb-2026,3215.50,3215.90,3265.00,3207.60,3260.00,3254.90,3238.79,26481,857.66,7196,12851,48.53
TITAGARH,EQ,24-Feb-2026,745.10,741.50,741.70,730.10,735.40,733.90,733.67,301050,2208.73,14454,111719,37.11
TITAN,EQ,24-Feb-2026,4272.70,4240.40,4300.00,4235.00,4292.00,4294.50,4277.12,491126,21006.06,42386,281374,57.29
TMCV,EQ,24-Feb-2026,479.80,483.30,483.35,472.55,475.05,475.50,476.80,7967467,37989.21,123658,4906144,61.58
TMPV,EQ,24-Feb-2026,379.95,376.85,380.30,371.65,376.00,377.55,377.46,7213746,27228.96,87436,3633974,50.38
TORNTPHARM,EQ,24-Feb-2026,4307.60,4307.00,4423.00,4281.50,4418.80,4397.90,4382.36,846802,37109.89,53549,318506,37.61
TORNTPOWER,EQ,24-Feb-2026,1536.40,1535.40,1569.00,1525.20,1544.00,1541.80,1544.81,902713,13945.19,52074,359020,39.77
TRAVELFOOD,EQ,24-Feb-2026,1225.80,1218.00,1235.00,1206.00,1233.00,1229.90,1224.17,28708,351.43,4365,16663,58.04
TRENT,EQ,24-Feb-2026,4054.90,4060.00,4060.10,3900.00,3932.00,3931.30,3966.80,709985,28163.68,51355,357479,50.35
TRIDENT,EQ,24-Feb-2026,26.57,26.49,26.49,25.59,25.98,25.87,25.89,9518472,2464.04,19928,2679152,28.15
TRITURBINE,EQ,24-Feb-2026,493.35,488.75,491.20,479.40,486.80,484.65,484.46,490825,2377.84,21405,246209,50.16
TTML,EQ,24-Feb-2026,42.71,42.70,43.10,41.63,42.03,42.33,42.04,1414230,594.57,9475,584489,41.33
TVSMOTOR,EQ,24-Feb-2026,3829.10,3830.00,3835.00,3743.40,3820.00,3816.20,3812.37,896496,34177.74,78631,532947,59.45
UBL,EQ,24-Feb-2026,1633.40,1627.00,1627.00,1592.30,1600.00,1599.40,1601.31,88296,1413.89,6094,65991,74.74
UCOBANK,EQ,24-Feb-2026,28.86,28.86,30.13,28.63,29.50,29.24,29.42,25161676,7403.81,44197,6028491,23.96
ULTRACEMCO,EQ,24-Feb-2026,12976.00,12972.00,13010.00,12900.00,12944.00,12960.00,12964.52,332450,43100.55,50968,241762,72.72
UNIONBANK,EQ,24-Feb-2026,197.78,197.60,202.24,196.21,200.50,200.62,199.99,19355793,38708.80,85508,7697038,39.77
UNITDSPR,EQ,24-Feb-2026,1416.90,1418.00,1425.00,1405.60,1422.50,1421.50,1416.92,681459,9655.74,37536,414626,60.84
UNOMINDA,EQ,24-Feb-2026,1196.00,1184.00,1194.40,1167.10,1177.40,1177.50,1177.36,619798,7297.27,31549,365371,58.95
UPL,EQ,24-Feb-2026,644.80,645.00,653.65,627.35,631.40,630.55,636.42,7889253,50208.80,139727,3768236,47.76
URBANCO,EQ,24-Feb-2026,112.50,112.50,112.90,108.10,109.96,109.21,109.39,3572275,3907.86,22951,1777552,49.76
USHAMART,EQ,24-Feb-2026,405.25,403.20,409.00,397.25,408.15,406.05,403.93,295705,1194.43,10107,186653,63.12
UTIAMC,EQ,24-Feb-2026,1081.15,1075.00,1075.00,1041.15,1052.35,1051.75,1051.71,74354,781.99,8125,45383,61.04
VBL,EQ,24-Feb-2026,457.30,455.00,463.90,451.10,462.00,459.10,456.95,4586271,20957.08,41796,2933914,63.97
VEDL,EQ,24-Feb-2026,681.25,678.50,698.90,676.00,698.50,695.10,688.46,10730605,73875.40,126555,5043241,47.00
VIJAYA,EQ,24-Feb-2026,1013.05,1012.05,1012.10,977.15,989.00,986.00,989.16,87908,869.55,9792,45841,52.15
VMM,EQ,24-Feb-2026,120.32,120.32,125.74,119.30,124.02,123.59,123.84,20847017,25816.52,91625,6962550,33.40
VOLTAS,EQ,24-Feb-2026,1538.20,1534.10,1555.00,1531.00,1538.10,1538.00,1540.66,927647,14291.87,38694,516391,55.67
VTL,EQ,24-Feb-2026,536.10,520.00,542.50,502.00,541.00,539.65,524.76,1447695,7596.94,46603,296368,20.47
WAAREEENER,EQ,24-Feb-2026,2915.80,2929.00,3049.00,2895.30,3040.00,3023.50,2976.80,2294645,68306.95,94551,655746,28.58
WELCORP,EQ,24-Feb-2026,783.15,783.50,787.80,770.00,779.15,776.40,777.16,195498,1519.33,13585,100300,51.30
WELSPUNLIV,EQ,24-Feb-2026,139.34,138.00,138.16,132.10,135.29,134.21,134.61,3171876,4269.61,24801,1285681,40.53
WHIRLPOOL,EQ,24-Feb-2026,924.90,916.00,924.55,897.05,902.10,904.25,912.63,221237,2019.08,12407,113293,51.21
WIPRO,EQ,24-Feb-2026,205.89,203.00,203.29,199.36,200.49,200.14,200.72,25036686,50254.75,247920,10900137,43.54
WOCKPHARMA,EQ,24-Feb-2026,1364.90,1364.90,1368.50,1346.80,1360.00,1362.00,1356.96,244541,3318.34,10674,110720,45.28
YESBANK,EQ,24-Feb-2026,20.89,20.89,21.01,20.61,20.85,20.82,20.83,81564930,16986.36,84350,35728084,43.80
ZEEL,EQ,24-Feb-2026,90.76,90.95,91.05,87.47,88.18,88.04,88.83,4923322,4373.54,23558,2264349,45.99
ZENSARTECH,EQ,24-Feb-2026,570.05,556.30,563.85,535.85,537.80,537.40,545.37,930275,5073.48,40297,327264,35.18
ZENTEC,EQ,24-Feb-2026,1323.70,1314.00,1328.90,1305.70,1327.00,1325.00,1318.45,268450,3539.39,14315,90772,33.81
ZFCVINDIA,EQ,24-Feb-2026,15595.00,15595.00,15960.00,15538.00,15800.00,15799.00,15806.18,12896,2038.36,4977,7380,57.23
ZYDUSLIFE,EQ,24-Feb-2026,907.95,902.05,907.00,899.10,907.00,903.85,903.58,369018,3334.37,17701,198100,53.68
ZYDUSWELL,EQ,24-Feb-2026,406.65,406.65,406.65,395.00,398.75,399.00,399.36,69035,275.70,3777,39873,57.76
